Dấu thời gian,1. Giới tính,2. Độ tuổi,3. Nghề nghiệp,4. Nơi cư trú,5. Tần suất đến các điểm du lịch nông nghiệp tại xã Củ Chi,6. Vai trò của Quý vị trong hoạt động du lịch nông nghiệp tại Củ Chi,7. Thời gian gần nhất Quý vị tham gia trải nghiệm du lịch nông nghiệp tại xã Củ Chi,Đánh giá về Quản lý và Tiêu chí Xanh [8. Các điểm du lịch nông nghiệp tại xã Củ Chi có kế hoạch quản lý môi trường và an toàn rõ ràng.],Đánh giá về Quản lý và Tiêu chí Xanh [9. Tỷ lệ chủ hộ và nhân viên được đào tạo kỹ năng du lịch xanh còn thấp.],Đánh giá về Quản lý và Tiêu chí Xanh [10. Có bộ quy tắc ứng xử cho du khách được áp dụng khá tốt tại các điểm du lịch.],Đánh giá về Quản lý và Tiêu chí Xanh [11. Công tác giám sát và đánh giá tiêu chí du lịch xanh tại xã Củ Chi còn yếu và thiếu hệ thống. (Câu ngược)],Đánh giá về Kinh tế và Trải nghiệm của Khách [12. Du lịch nông nghiệp xanh góp phần tăng thu nhập đáng kể cho người dân và hộ kinh doanh địa phương.],Đánh giá về Kinh tế và Trải nghiệm của Khách [13. Hoạt động du lịch tạo thêm việc làm toàn thời gian và bán thời gian cho cộng đồng.],Đánh giá về Kinh tế và Trải nghiệm của Khách [14. Tỷ lệ sản phẩm OCOP được tiêu thụ qua kênh du lịch nông nghiệp còn thấp.],Đánh giá về Kinh tế và Trải nghiệm của Khách [15. Lợi ích từ du lịch nông nghiệp được phân phối khá công bằng giữa các hộ tham gia.],"Đánh giá về Kinh tế và Trải nghiệm của Khách [16. Du khách hài lòng với giá trị trải nghiệm (chất lượng dịch vụ, giá cả, tính chân thực) tại các điểm du lịch nông nghiệp xanh.]",Đánh giá về Văn hóa - Xã hội và Cộng đồng [17. Cộng đồng địa phương được tham gia khá tốt vào việc quản lý và ra quyết định phát triển du lịch nông nghiệp.],"Đánh giá về Văn hóa - Xã hội và Cộng đồng [18. Du lịch nông nghiệp góp phần bảo tồn và phát huy bản sắc văn hóa, làng nghề truyền thống của xã Củ Chi.]",Đánh giá về Văn hóa - Xã hội và Cộng đồng [19. Việc kết hợp di sản lịch sử Địa đạo Củ Chi với trải nghiệm nông nghiệp xanh tạo được điểm nhấn riêng biệt.],Đánh giá về Văn hóa - Xã hội và Cộng đồng [20. Sự phát triển du lịch nông nghiệp chưa gây tác động tiêu cực đáng kể đến đời sống và không gian cộng đồng địa phương. (Câu ngược)],Đánh giá về Môi trường và Hệ sinh thái [21. Các điểm du lịch nông nghiệp kiểm soát tốt rác thải nhựa và chất thải từ du khách.],Đánh giá về Môi trường và Hệ sinh thái [22. Hệ thống xử lý nước thải tại các điểm du lịch nông nghiệp còn thiếu và chưa hiệu quả.],Đánh giá về Môi trường và Hệ sinh thái [23. Tỷ lệ diện tích canh tác chuyển sang hữu cơ hoặc VietGAP tại các hộ làm du lịch còn thấp.],Đánh giá về Môi trường và Hệ sinh thái [24. Du khách được giáo dục và nâng cao ý thức bảo vệ môi trường khi tham gia trải nghiệm.],Đánh giá về Môi trường và Hệ sinh thái [25. Hoạt động du lịch nông nghiệp góp phần bảo tồn đa dạng sinh học và cảnh quan nông thôn.],Đánh giá Nguyên nhân hạn chế [26. Quy hoạch du lịch nông nghiệp xanh cấp xã chưa cụ thể và thiếu định hướng rõ ràng.],Đánh giá Nguyên nhân hạn chế [27. Nguồn vốn đầu tư hạ tầng xanh và cơ chế hợp tác công-tư (PPP) còn hạn chế.],"Đánh giá Nguyên nhân hạn chế [28. Năng lực quản lý và kỹ năng du lịch xanh của người dân, hộ kinh doanh còn yếu.]",Đánh giá Nguyên nhân hạn chế [29. Nhận thức của cộng đồng về lợi ích dài hạn của du lịch nông nghiệp xanh còn thấp.],Đánh giá Nguyên nhân hạn chế [30. Liên kết chuỗi giá trị giữa nông dân – doanh nghiệp lữ hành – chính quyền còn lỏng lẻo.],"Đánh giá Nguyên nhân hạn chế [31. Chưa có hệ thống giám sát định kỳ và chứng nhận tiêu chuẩn du lịch xanh (GSTC, OCOP) hiệu quả.]",Đánh giá các Giải pháp đề xuất [32. Cần triển khai mô hình “Zero Waste Village – Làng Du lịch Nông nghiệp Xanh Củ Chi” tại các điểm có lượng khách cao.],Đánh giá các Giải pháp đề xuất [33. Nên phát triển các tuyến tour tích hợp “Du lịch Xanh – Lịch sử Củ Chi” kết hợp Địa đạo với trải nghiệm nông nghiệp xanh và công nghệ AR/VR.],"Đánh giá các Giải pháp đề xuất [34. Cần xây dựng nền tảng số “Củ Chi Green Agri Hub” để kết nối nông dân, du khách và công ty lữ hành.]",Đánh giá các Giải pháp đề xuất [35. Nên tổ chức chương trình đào tạo “Nông dân – Hướng dẫn viên Xanh Củ Chi” quy mô lớn cho cộng đồng.],Đánh giá các Giải pháp đề xuất [36. Cần xây dựng bộ tiêu chí chứng nhận “Hộ du lịch nông nghiệp xanh Củ Chi” (5 sao) để tạo động lực cho các hộ.],Đánh giá các Giải pháp đề xuất [37. Cần đẩy mạnh chiến dịch truyền thông cộng đồng “Củ Chi Xanh – Nơi Mọi Người Cùng Sống Xanh”.],Đánh giá các Giải pháp đề xuất [38. Cần thành lập Ban Quản lý Du lịch Nông nghiệp Xanh xã Củ Chi với sự tham gia của cộng đồng và doanh nghiệp.],"39. Theo Quý vị, điểm mạnh nổi bật nhất của du lịch nông nghiệp xanh tại xã Củ Chi hiện nay là gì?",40. Quý vị có giải pháp hoặc ý kiến nào khác để phát triển du lịch nông nghiệp theo hướng du lịch xanh bền vững tại đây không?
2026-07-03 17:39:57,Nam,26–35,Cán bộ quản lý nhà nước,TP. Hồ Chí Minh (quận trung tâm),1–2 lần/năm,Du khách,Trong 6 tháng qua,5 (Hoàn toàn đồng ý),5 (Hoàn toàn đồng ý),5 (Hoàn toàn đồng ý),4 (Đồng ý),5 (Hoàn toàn đồng ý),5 (Hoàn toàn đồng ý),4 (Đồng ý),4 (Đồng ý),4 (Đồng ý),5 (Hoàn toàn đồng ý),5 (Hoàn toàn đồng ý),5 (Hoàn toàn đồng ý),5 (Hoàn toàn đồng ý),5 (Hoàn toàn đồng ý),5 (Hoàn toàn đồng ý),5 (Hoàn toàn đồng ý),5 (Hoàn toàn đồng ý),5 (Hoàn toàn đồng ý),4 (Đồng ý),4 (Đồng ý),4 (Đồng ý),4 (Đồng ý),4 (Đồng ý),4 (Đồng ý),5 (Hoàn toàn đồng ý),5 (Hoàn toàn đồng ý),5 (Hoàn toàn đồng ý),5 (Hoàn toàn đồng ý),5 (Hoàn toàn đồng ý),5 (Hoàn toàn đồng ý),5 (Hoàn toàn đồng ý),Du lịch kết hợp phát triển nông nghiệp,"Không.
"
2026-07-03 17:40:12,Nữ,18–25,Hướng dẫn viên du lịch,TP. Hồ Chí Minh (quận trung tâm),1–2 lần/năm,Du khách,6–12 tháng qua,5 (Hoàn toàn đồng ý),4 (Đồng ý),3 (Bình thường),5 (Hoàn toàn đồng ý),2 (Không đồng ý),4 (Đồng ý),3 (Bình thường),5 (Hoàn toàn đồng ý),4 (Đồng ý),5 (Hoàn toàn đồng ý),4 (Đồng ý),4 (Đồng ý),5 (Hoàn toàn đồng ý),5 (Hoàn toàn đồng ý),4 (Đồng ý),5 (Hoàn toàn đồng ý),4 (Đồng ý),3 (Bình thường),5 (Hoàn toàn đồng ý),2 (Không đồng ý),3 (Bình thường),4 (Đồng ý),4 (Đồng ý),3 (Bình thường),3 (Bình thường),3 (Bình thường),4 (Đồng ý),2 (Không đồng ý),4 (Đồng ý),3 (Bình thường),4 (Đồng ý),Vị trí thuận tiện,Tôi nghĩ nên sáng tạo trong quá trình phát triển tour sao cho không bị đại trà
2026-07-03 17:43:22,Nam,36–45,Kinh doanh/Tự do,TP. Hồ Chí Minh (quận trung tâm),Lần đầu,Du khách,Hơn 1 năm,3 (Bình thường),5 (Hoàn toàn đồng ý),2 (Không đồng ý),5 (Hoàn toàn đồng ý),4 (Đồng ý),2 (Không đồng ý),4 (Đồng ý),2 (Không đồng ý),5 (Hoàn toàn đồng ý),4 (Đồng ý),5 (Hoàn toàn đồng ý),3 (Bình thường),4 (Đồng ý),4 (Đồng ý),3 (Bình thường),4 (Đồng ý),2 (Không đồng ý),4 (Đồng ý),5 (Hoàn toàn đồng ý),2 (Không đồng ý),3 (Bình thường),1 (Hoàn toàn không đồng ý),3 (Bình thường),2 (Không đồng ý),3 (Bình thường),1 (Hoàn toàn không đồng ý),4 (Đồng ý),4 (Đồng ý),4 (Đồng ý),4 (Đồng ý),3 (Bình thường),Khong bt,Khong
2026-07-03 17:46:37,Nam,26–35,Nhân viên văn phòng,TP. Hồ Chí Minh (quận trung tâm),Lần đầu,Du khách,Trong 6 tháng qua,5 (Hoàn toàn đồng ý),5 (Hoàn toàn đồng ý),5 (Hoàn toàn đồng ý),5 (Hoàn toàn đồng ý),5 (Hoàn toàn đồng ý),5 (Hoàn toàn đồng ý),5 (Hoàn toàn đồng ý),5 (Hoàn toàn đồng ý),5 (Hoàn toàn đồng ý),5 (Hoàn toàn đồng ý),5 (Hoàn toàn đồng ý),5 (Hoàn toàn đồng ý),5 (Hoàn toàn đồng ý),5 (Hoàn toàn đồng ý),5 (Hoàn toàn đồng ý),5 (Hoàn toàn đồng ý),5 (Hoàn toàn đồng ý),5 (Hoàn toàn đồng ý),5 (Hoàn toàn đồng ý),5 (Hoàn toàn đồng ý),5 (Hoàn toàn đồng ý),5 (Hoàn toàn đồng ý),5 (Hoàn toàn đồng ý),5 (Hoàn toàn đồng ý),5 (Hoàn toàn đồng ý),5 (Hoàn toàn đồng ý),5 (Hoàn toàn đồng ý),5 (Hoàn toàn đồng ý),5 (Hoàn toàn đồng ý),5 (Hoàn toàn đồng ý),5 (Hoàn toàn đồng ý),Mới đi lần đầu đi nên chưa thấy gì,Không
2026-07-03 17:51:11,Nam,26–35,Nhân viên văn phòng,TP. Hồ Chí Minh (quận trung tâm),Lần đầu,Du khách,Chưa từng,3 (Bình thường),3 (Bình thường),3 (Bình thường),3 (Bình thường),3 (Bình thường),4 (Đồng ý),3 (Bình thường),3 (Bình thường),3 (Bình thường),3 (Bình thường),3 (Bình thường),3 (Bình thường),3 (Bình thường),3 (Bình thường),3 (Bình thường),3 (Bình thường),3 (Bình thường),3 (Bình thường),3 (Bình thường),3 (Bình thường),3 (Bình thường),3 (Bình thường),3 (Bình thường),3 (Bình thường),3 (Bình thường),3 (Bình thường),3 (Bình thường),3 (Bình thường),3 (Bình thường),3 (Bình thường),3 (Bình thường),Chưa đi ,Không
2026-07-03 17:53:32,Nam,18–25,Nhân viên văn phòng,TP. Hồ Chí Minh (quận trung tâm),Lần đầu,Du khách,Chưa từng,4 (Đồng ý),3 (Bình thường),4 (Đồng ý),2 (Không đồng ý),5 (Hoàn toàn đồng ý),4 (Đồng ý),3 (Bình thường),4 (Đồng ý),4 (Đồng ý),4 (Đồng ý),5 (Hoàn toàn đồng ý),4 (Đồng ý),2 (Không đồng ý),4 (Đồng ý),3 (Bình thường),2 (Không đồng ý),4 (Đồng ý),4 (Đồng ý),2 (Không đồng ý),3 (Bình thường),2 (Không đồng ý),2 (Không đồng ý),2 (Không đồng ý),2 (Không đồng ý),4 (Đồng ý),5 (Hoàn toàn đồng ý),4 (Đồng ý),4 (Đồng ý),4 (Đồng ý),4 (Đồng ý),4 (Đồng ý), , 
2026-07-03 17:54:29,Nam,36–45,Nhân viên văn phòng,Tỉnh/thành khác,Lần đầu,Du khách,Trong 6 tháng qua,5 (Hoàn toàn đồng ý),5 (Hoàn toàn đồng ý),5 (Hoàn toàn đồng ý),5 (Hoàn toàn đồng ý),5 (Hoàn toàn đồng ý),5 (Hoàn toàn đồng ý),5 (Hoàn toàn đồng ý),5 (Hoàn toàn đồng ý),5 (Hoàn toàn đồng ý),5 (Hoàn toàn đồng ý),5 (Hoàn toàn đồng ý),5 (Hoàn toàn đồng ý),5 (Hoàn toàn đồng ý),5 (Hoàn toàn đồng ý),5 (Hoàn toàn đồng ý),5 (Hoàn toàn đồng ý),5 (Hoàn toàn đồng ý),5 (Hoàn toàn đồng ý),5 (Hoàn toàn đồng ý),5 (Hoàn toàn đồng ý),5 (Hoàn toàn đồng ý),5 (Hoàn toàn đồng ý),5 (Hoàn toàn đồng ý),5 (Hoàn toàn đồng ý),5 (Hoàn toàn đồng ý),5 (Hoàn toàn đồng ý),5 (Hoàn toàn đồng ý),5 (Hoàn toàn đồng ý),5 (Hoàn toàn đồng ý),5 (Hoàn toàn đồng ý),5 (Hoàn toàn đồng ý),Mới đi tham quan lần đầu nên chưa biết điểm nổi bật,Không
2026-07-03 17:54:32,Nam,18–25,Học sinh/Sinh viên,TP. Hồ Chí Minh (quận trung tâm),1–2 lần/năm,Du khách,Hơn 1 năm,4 (Đồng ý),3 (Bình thường),4 (Đồng ý),2 (Không đồng ý),4 (Đồng ý),4 (Đồng ý),3 (Bình thường),4 (Đồng ý),4 (Đồng ý),4 (Đồng ý),5 (Hoàn toàn đồng ý),5 (Hoàn toàn đồng ý),4 (Đồng ý),4 (Đồng ý),2 (Không đồng ý),2 (Không đồng ý),4 (Đồng ý),5 (Hoàn toàn đồng ý),3 (Bình thường),4 (Đồng ý),3 (Bình thường),5 (Hoàn toàn đồng ý),3 (Bình thường),4 (Đồng ý),3 (Bình thường),5 (Hoàn toàn đồng ý),5 (Hoàn toàn đồng ý),4 (Đồng ý),3 (Bình thường),4 (Đồng ý),3 (Bình thường),"Gần gũi với nông nghiệp, môi trường",Mình hiện không có ý kiến nào khác
2026-07-03 17:55:07,Khác,18–25,Nông dân,Huyện Củ Chi,Thường xuyên (cư trú địa phương),Người dân địa phương,Trong 6 tháng qua,3 (Bình thường),3 (Bình thường),4 (Đồng ý),4 (Đồng ý),5 (Hoàn toàn đồng ý),4 (Đồng ý),4 (Đồng ý),4 (Đồng ý),4 (Đồng ý),3 (Bình thường),3 (Bình thường),4 (Đồng ý),3 (Bình thường),4 (Đồng ý),3 (Bình thường),4 (Đồng ý),4 (Đồng ý),3 (Bình thường),5 (Hoàn toàn đồng ý),3 (Bình thường),2 (Không đồng ý),3 (Bình thường),2 (Không đồng ý),3 (Bình thường),3 (Bình thường),2 (Không đồng ý),4 (Đồng ý),4 (Đồng ý),2 (Không đồng ý),4 (Đồng ý),3 (Bình thường),Nông sản,Có thể là mkt tốt hơn để quảng bá đến với nhiều người hơn
2026-07-03 17:57:41,Nam,26–35,Nhân viên văn phòng,TP. Hồ Chí Minh (quận trung tâm),1–2 lần/năm,Du khách,Hơn 1 năm,5 (Hoàn toàn đồng ý),4 (Đồng ý),4 (Đồng ý),4 (Đồng ý),4 (Đồng ý),5 (Hoàn toàn đồng ý),3 (Bình thường),3 (Bình thường),4 (Đồng ý),3 (Bình thường),4 (Đồng ý),5 (Hoàn toàn đồng ý),3 (Bình thường),4 (Đồng ý),3 (Bình thường),3 (Bình thường),4 (Đồng ý),5 (Hoàn toàn đồng ý),2 (Không đồng ý),3 (Bình thường),4 (Đồng ý),5 (Hoàn toàn đồng ý),5 (Hoàn toàn đồng ý),5 (Hoàn toàn đồng ý),5 (Hoàn toàn đồng ý),5 (Hoàn toàn đồng ý),4 (Đồng ý),4 (Đồng ý),5 (Hoàn toàn đồng ý),5 (Hoàn toàn đồng ý),5 (Hoàn toàn đồng ý),Củ chi có nền nông nghiệp phát triển lâu dài công thêm gần trung tâm TPHCM nên dễ dàng phát triển du lịch nông nghiệp,Tôi chưa nghĩ ra
2026-07-03 18:11:33,Nam,26–35,Nhân viên văn phòng,TP. Hồ Chí Minh (quận trung tâm),Lần đầu,Du khách,Trong 6 tháng qua,5 (Hoàn toàn đồng ý),5 (Hoàn toàn đồng ý),5 (Hoàn toàn đồng ý),5 (Hoàn toàn đồng ý),5 (Hoàn toàn đồng ý),5 (Hoàn toàn đồng ý),5 (Hoàn toàn đồng ý),5 (Hoàn toàn đồng ý),5 (Hoàn toàn đồng ý),5 (Hoàn toàn đồng ý),5 (Hoàn toàn đồng ý),5 (Hoàn toàn đồng ý),5 (Hoàn toàn đồng ý),5 (Hoàn toàn đồng ý),5 (Hoàn toàn đồng ý),5 (Hoàn toàn đồng ý),5 (Hoàn toàn đồng ý),5 (Hoàn toàn đồng ý),5 (Hoàn toàn đồng ý),5 (Hoàn toàn đồng ý),5 (Hoàn toàn đồng ý),5 (Hoàn toàn đồng ý),5 (Hoàn toàn đồng ý),5 (Hoàn toàn đồng ý),5 (Hoàn toàn đồng ý),5 (Hoàn toàn đồng ý),5 (Hoàn toàn đồng ý),5 (Hoàn toàn đồng ý),5 (Hoàn toàn đồng ý),5 (Hoàn toàn đồng ý),5 (Hoàn toàn đồng ý),Không khí trong lành,Không có
2026-07-03 18:12:16,Nam,18–25,Học sinh/Sinh viên,TP. Hồ Chí Minh (quận trung tâm),Lần đầu,Du khách,Trong 6 tháng qua,4 (Đồng ý),4 (Đồng ý),4 (Đồng ý),4 (Đồng ý),4 (Đồng ý),4 (Đồng ý),4 (Đồng ý),4 (Đồng ý),4 (Đồng ý),4 (Đồng ý),4 (Đồng ý),4 (Đồng ý),4 (Đồng ý),4 (Đồng ý),4 (Đồng ý),4 (Đồng ý),4 (Đồng ý),4 (Đồng ý),4 (Đồng ý),4 (Đồng ý),4 (Đồng ý),4 (Đồng ý),4 (Đồng ý),4 (Đồng ý),4 (Đồng ý),4 (Đồng ý),4 (Đồng ý),4 (Đồng ý),4 (Đồng ý),4 (Đồng ý),4 (Đồng ý),Không để ý,Không
2026-07-03 18:13:26,Không muốn trả lời,18–25,Học sinh/Sinh viên,TP. Hồ Chí Minh (quận trung tâm),1–2 lần/năm,Du khách,Hơn 1 năm,5 (Hoàn toàn đồng ý),5 (Hoàn toàn đồng ý),5 (Hoàn toàn đồng ý),5 (Hoàn toàn đồng ý),5 (Hoàn toàn đồng ý),5 (Hoàn toàn đồng ý),5 (Hoàn toàn đồng ý),5 (Hoàn toàn đồng ý),5 (Hoàn toàn đồng ý),5 (Hoàn toàn đồng ý),5 (Hoàn toàn đồng ý),5 (Hoàn toàn đồng ý),5 (Hoàn toàn đồng ý),5 (Hoàn toàn đồng ý),5 (Hoàn toàn đồng ý),5 (Hoàn toàn đồng ý),5 (Hoàn toàn đồng ý),5 (Hoàn toàn đồng ý),5 (Hoàn toàn đồng ý),5 (Hoàn toàn đồng ý),5 (Hoàn toàn đồng ý),5 (Hoàn toàn đồng ý),5 (Hoàn toàn đồng ý),5 (Hoàn toàn đồng ý),5 (Hoàn toàn đồng ý),5 (Hoàn toàn đồng ý),5 (Hoàn toàn đồng ý),5 (Hoàn toàn đồng ý),5 (Hoàn toàn đồng ý),5 (Hoàn toàn đồng ý),5 (Hoàn toàn đồng ý),Không,Không
2026-07-03 18:13:39,Nam,18–25,Nhân viên văn phòng,TP. Hồ Chí Minh (quận trung tâm),Lần đầu,Du khách,Chưa từng,4 (Đồng ý),2 (Không đồng ý),3 (Bình thường),1 (Hoàn toàn không đồng ý),3 (Bình thường),4 (Đồng ý),2 (Không đồng ý),4 (Đồng ý),4 (Đồng ý),4 (Đồng ý),3 (Bình thường),3 (Bình thường),1 (Hoàn toàn không đồng ý),2 (Không đồng ý),3 (Bình thường),3 (Bình thường),4 (Đồng ý),4 (Đồng ý),4 (Đồng ý),4 (Đồng ý),3 (Bình thường),2 (Không đồng ý),4 (Đồng ý),4 (Đồng ý),5 (Hoàn toàn đồng ý),5 (Hoàn toàn đồng ý),5 (Hoàn toàn đồng ý),5 (Hoàn toàn đồng ý),4 (Đồng ý),4 (Đồng ý),5 (Hoàn toàn đồng ý),Điểm mạnh nổi bật nhất của du lịch nông nghiệp xanh Củ Chi là mô hình sản xuất công nghệ cao kết hợp trải nghiệm giáo dục thực tế, Ứng dụng mã QR để du khách quét nguồn gốc nông sản
2026-07-03 18:15:21,Nữ,18–25,Học sinh/Sinh viên,TP. Hồ Chí Minh (quận trung tâm),Lần đầu,Du khách,Hơn 1 năm,5 (Hoàn toàn đồng ý),4 (Đồng ý),5 (Hoàn toàn đồng ý),4 (Đồng ý),4 (Đồng ý),4 (Đồng ý),3 (Bình thường),4 (Đồng ý),4 (Đồng ý),4 (Đồng ý),4 (Đồng ý),4 (Đồng ý),3 (Bình thường),3 (Bình thường),4 (Đồng ý),3 (Bình thường),3 (Bình thường),3 (Bình thường),4 (Đồng ý),4 (Đồng ý),4 (Đồng ý),4 (Đồng ý),4 (Đồng ý),4 (Đồng ý),4 (Đồng ý),4 (Đồng ý),4 (Đồng ý),4 (Đồng ý),4 (Đồng ý),4 (Đồng ý),4 (Đồng ý),Không,Không
2026-07-03 18:17:19,Nam,18–25,Học sinh/Sinh viên,TP. Hồ Chí Minh (quận trung tâm),Lần đầu,Du khách,Hơn 1 năm,3 (Bình thường),3 (Bình thường),4 (Đồng ý),3 (Bình thường),4 (Đồng ý),4 (Đồng ý),4 (Đồng ý),3 (Bình thường),3 (Bình thường),4 (Đồng ý),3 (Bình thường),4 (Đồng ý),3 (Bình thường),3 (Bình thường),4 (Đồng ý),4 (Đồng ý),4 (Đồng ý),4 (Đồng ý),4 (Đồng ý),4 (Đồng ý),4 (Đồng ý),4 (Đồng ý),4 (Đồng ý),4 (Đồng ý),4 (Đồng ý),4 (Đồng ý),4 (Đồng ý),4 (Đồng ý),4 (Đồng ý),4 (Đồng ý),3 (Bình thường),Có nguồn tài nguyên thiên nhiên phong phú và nhân lực dồi dào tại địa phương ,"Tuyên truyền quản bá các mô hình du lịch theo hướng du lịch xanh nói không với rác thải, cho khách trải nghiệm lại các trò chơi dân gian hoặc ( bắt cá, bẫy gà, chim, hái trái cây …)   để thu hút nhiều khách du lịch hơn "
2026-07-03 18:17:44,Nam,Trên 60,Kinh doanh/Tự do,TP. Hồ Chí Minh (quận trung tâm),1–2 lần/năm,Du khách,Hơn 1 năm,4 (Đồng ý),4 (Đồng ý),4 (Đồng ý),4 (Đồng ý),4 (Đồng ý),4 (Đồng ý),4 (Đồng ý),4 (Đồng ý),4 (Đồng ý),4 (Đồng ý),4 (Đồng ý),4 (Đồng ý),4 (Đồng ý),4 (Đồng ý),4 (Đồng ý),4 (Đồng ý),4 (Đồng ý),4 (Đồng ý),4 (Đồng ý),4 (Đồng ý),4 (Đồng ý),4 (Đồng ý),4 (Đồng ý),4 (Đồng ý),4 (Đồng ý),4 (Đồng ý),4 (Đồng ý),4 (Đồng ý),4 (Đồng ý),4 (Đồng ý),4 (Đồng ý),Không,Không
2026-07-03 18:19:19,Nam,18–25,Khác,TP. Hồ Chí Minh (quận trung tâm),Lần đầu,Du khách,Chưa từng,5 (Hoàn toàn đồng ý),3 (Bình thường),4 (Đồng ý),2 (Không đồng ý),5 (Hoàn toàn đồng ý),5 (Hoàn toàn đồng ý),3 (Bình thường),5 (Hoàn toàn đồng ý),4 (Đồng ý),4 (Đồng ý),4 (Đồng ý),4 (Đồng ý),4 (Đồng ý),4 (Đồng ý),2 (Không đồng ý),3 (Bình thường),5 (Hoàn toàn đồng ý),4 (Đồng ý),3 (Bình thường),4 (Đồng ý),2 (Không đồng ý),2 (Không đồng ý),2 (Không đồng ý),2 (Không đồng ý),4 (Đồng ý),4 (Đồng ý),4 (Đồng ý),4 (Đồng ý),4 (Đồng ý),4 (Đồng ý),4 (Đồng ý),"Không gian nông nghiệp xanh, gần gũi thiên nhiên kết hợp với trải nghiệm thực tế như trồng trọt, thu hoạch nông sản và tìm hiểu mô hình nông nghiệp sạch, mang lại giá trị giáo dục và thư giãn cho du khách.  ","Đầu tư hạ tầng, đa dạng hóa trải nghiệm nông nghiệp xanh, đẩy mạnh quảng bá, bảo vệ môi trường và nâng cao chất lượng dịch vụ để thu hút du khách lâu dài."
2026-07-03 18:21:14,Nam,Dưới 18,Học sinh/Sinh viên,TP. Hồ Chí Minh (quận trung tâm),Lần đầu,Du khách,Trong 6 tháng qua,4 (Đồng ý),4 (Đồng ý),4 (Đồng ý),4 (Đồng ý),4 (Đồng ý),4 (Đồng ý),4 (Đồng ý),4 (Đồng ý),4 (Đồng ý),4 (Đồng ý),4 (Đồng ý),4 (Đồng ý),4 (Đồng ý),4 (Đồng ý),4 (Đồng ý),4 (Đồng ý),4 (Đồng ý),4 (Đồng ý),4 (Đồng ý),4 (Đồng ý),4 (Đồng ý),4 (Đồng ý),4 (Đồng ý),4 (Đồng ý),4 (Đồng ý),4 (Đồng ý),4 (Đồng ý),4 (Đồng ý),4 (Đồng ý),4 (Đồng ý),4 (Đồng ý),Không biết,Không
2026-07-03 18:22:21,Nam,18–25,Nhân viên văn phòng,TP. Hồ Chí Minh (quận trung tâm),1–2 lần/năm,Du khách,Trong 6 tháng qua,5 (Hoàn toàn đồng ý),5 (Hoàn toàn đồng ý),5 (Hoàn toàn đồng ý),5 (Hoàn toàn đồng ý),5 (Hoàn toàn đồng ý),5 (Hoàn toàn đồng ý),5 (Hoàn toàn đồng ý),5 (Hoàn toàn đồng ý),5 (Hoàn toàn đồng ý),5 (Hoàn toàn đồng ý),5 (Hoàn toàn đồng ý),5 (Hoàn toàn đồng ý),5 (Hoàn toàn đồng ý),5 (Hoàn toàn đồng ý),5 (Hoàn toàn đồng ý),5 (Hoàn toàn đồng ý),5 (Hoàn toàn đồng ý),5 (Hoàn toàn đồng ý),5 (Hoàn toàn đồng ý),5 (Hoàn toàn đồng ý),5 (Hoàn toàn đồng ý),5 (Hoàn toàn đồng ý),5 (Hoàn toàn đồng ý),5 (Hoàn toàn đồng ý),5 (Hoàn toàn đồng ý),5 (Hoàn toàn đồng ý),5 (Hoàn toàn đồng ý),5 (Hoàn toàn đồng ý),5 (Hoàn toàn đồng ý),5 (Hoàn toàn đồng ý),5 (Hoàn toàn đồng ý),Không,Không
2026-07-03 18:22:54,Nam,18–25,Học sinh/Sinh viên,TP. Hồ Chí Minh (quận trung tâm),Lần đầu,Du khách,Chưa từng,5 (Hoàn toàn đồng ý),5 (Hoàn toàn đồng ý),5 (Hoàn toàn đồng ý),5 (Hoàn toàn đồng ý),5 (Hoàn toàn đồng ý),5 (Hoàn toàn đồng ý),5 (Hoàn toàn đồng ý),5 (Hoàn toàn đồng ý),5 (Hoàn toàn đồng ý),5 (Hoàn toàn đồng ý),5 (Hoàn toàn đồng ý),5 (Hoàn toàn đồng ý),5 (Hoàn toàn đồng ý),5 (Hoàn toàn đồng ý),5 (Hoàn toàn đồng ý),5 (Hoàn toàn đồng ý),5 (Hoàn toàn đồng ý),5 (Hoàn toàn đồng ý),5 (Hoàn toàn đồng ý),5 (Hoàn toàn đồng ý),5 (Hoàn toàn đồng ý),5 (Hoàn toàn đồng ý),5 (Hoàn toàn đồng ý),5 (Hoàn toàn đồng ý),5 (Hoàn toàn đồng ý),5 (Hoàn toàn đồng ý),5 (Hoàn toàn đồng ý),5 (Hoàn toàn đồng ý),5 (Hoàn toàn đồng ý),5 (Hoàn toàn đồng ý),5 (Hoàn toàn đồng ý),Theo dạng nông nghiệp cây coi xanh mát mẻ ,Nghĩ nên phát triển mạnh thêm các điểm mạnh của củ chi
2026-07-03 18:23:20,Nam,18–25,Kinh doanh/Tự do,TP. Hồ Chí Minh (quận trung tâm),1–2 lần/năm,Du khách,Trong 6 tháng qua,5 (Hoàn toàn đồng ý),5 (Hoàn toàn đồng ý),5 (Hoàn toàn đồng ý),5 (Hoàn toàn đồng ý),5 (Hoàn toàn đồng ý),5 (Hoàn toàn đồng ý),5 (Hoàn toàn đồng ý),5 (Hoàn toàn đồng ý),5 (Hoàn toàn đồng ý),5 (Hoàn toàn đồng ý),5 (Hoàn toàn đồng ý),5 (Hoàn toàn đồng ý),5 (Hoàn toàn đồng ý),5 (Hoàn toàn đồng ý),5 (Hoàn toàn đồng ý),5 (Hoàn toàn đồng ý),5 (Hoàn toàn đồng ý),5 (Hoàn toàn đồng ý),5 (Hoàn toàn đồng ý),5 (Hoàn toàn đồng ý),5 (Hoàn toàn đồng ý),5 (Hoàn toàn đồng ý),5 (Hoàn toàn đồng ý),5 (Hoàn toàn đồng ý),5 (Hoàn toàn đồng ý),5 (Hoàn toàn đồng ý),5 (Hoàn toàn đồng ý),5 (Hoàn toàn đồng ý),5 (Hoàn toàn đồng ý),5 (Hoàn toàn đồng ý),5 (Hoàn toàn đồng ý),Không,Không
2026-07-03 18:24:37,Nữ,18–25,Cán bộ quản lý nhà nước,Huyện Củ Chi,Thường xuyên (cư trú địa phương),"Cán bộ quản lý (UBND xã/huyện, Sở Du lịch…)",Trong 6 tháng qua,4 (Đồng ý),4 (Đồng ý),5 (Hoàn toàn đồng ý),4 (Đồng ý),3 (Bình thường),4 (Đồng ý),5 (Hoàn toàn đồng ý),4 (Đồng ý),5 (Hoàn toàn đồng ý),4 (Đồng ý),4 (Đồng ý),5 (Hoàn toàn đồng ý),5 (Hoàn toàn đồng ý),5 (Hoàn toàn đồng ý),5 (Hoàn toàn đồng ý),5 (Hoàn toàn đồng ý),5 (Hoàn toàn đồng ý),5 (Hoàn toàn đồng ý),3 (Bình thường),4 (Đồng ý),2 (Không đồng ý),4 (Đồng ý),4 (Đồng ý),3 (Bình thường),5 (Hoàn toàn đồng ý),4 (Đồng ý),3 (Bình thường),4 (Đồng ý),5 (Hoàn toàn đồng ý),3 (Bình thường),3 (Bình thường),Có các vườn trái cây lớn,Kết hợp đa dạng và những điều sáng tạo cũng như áp dụng chính sách có lợi cho các bên tham gia
2026-07-03 18:25:59,Nam,18–25,Học sinh/Sinh viên,TP. Hồ Chí Minh (quận trung tâm),Lần đầu,Du khách,Chưa từng,4 (Đồng ý),4 (Đồng ý),4 (Đồng ý),4 (Đồng ý),3 (Bình thường),4 (Đồng ý),4 (Đồng ý),4 (Đồng ý),5 (Hoàn toàn đồng ý),5 (Hoàn toàn đồng ý),4 (Đồng ý),3 (Bình thường),4 (Đồng ý),5 (Hoàn toàn đồng ý),4 (Đồng ý),3 (Bình thường),5 (Hoàn toàn đồng ý),4 (Đồng ý),3 (Bình thường),3 (Bình thường),3 (Bình thường),4 (Đồng ý),3 (Bình thường),4 (Đồng ý),4 (Đồng ý),5 (Hoàn toàn đồng ý),5 (Hoàn toàn đồng ý),5 (Hoàn toàn đồng ý),4 (Đồng ý),5 (Hoàn toàn đồng ý),4 (Đồng ý),Tốt,. 
2026-07-03 18:28:14,Nữ,26–35,Nhân viên văn phòng,TP. Hồ Chí Minh (quận trung tâm),Lần đầu,Du khách,Hơn 1 năm,3 (Bình thường),3 (Bình thường),3 (Bình thường),3 (Bình thường),4 (Đồng ý),4 (Đồng ý),3 (Bình thường),3 (Bình thường),3 (Bình thường),3 (Bình thường),4 (Đồng ý),4 (Đồng ý),3 (Bình thường),2 (Không đồng ý),4 (Đồng ý),3 (Bình thường),3 (Bình thường),3 (Bình thường),3 (Bình thường),4 (Đồng ý),4 (Đồng ý),5 (Hoàn toàn đồng ý),4 (Đồng ý),4 (Đồng ý),4 (Đồng ý),4 (Đồng ý),2 (Không đồng ý),4 (Đồng ý),4 (Đồng ý),4 (Đồng ý),4 (Đồng ý),"Đi kèm với di tích văn hoá lịch sử, gần trung tâm SG",không
2026-07-03 18:36:37,Nam,18–25,Học sinh/Sinh viên,TP. Hồ Chí Minh (quận trung tâm),Lần đầu,Du khách,Chưa từng,5 (Hoàn toàn đồng ý),4 (Đồng ý),5 (Hoàn toàn đồng ý),5 (Hoàn toàn đồng ý),4 (Đồng ý),4 (Đồng ý),5 (Hoàn toàn đồng ý),5 (Hoàn toàn đồng ý),5 (Hoàn toàn đồng ý),4 (Đồng ý),5 (Hoàn toàn đồng ý),5 (Hoàn toàn đồng ý),5 (Hoàn toàn đồng ý),4 (Đồng ý),5 (Hoàn toàn đồng ý),5 (Hoàn toàn đồng ý),3 (Bình thường),5 (Hoàn toàn đồng ý),5 (Hoàn toàn đồng ý),4 (Đồng ý),5 (Hoàn toàn đồng ý),5 (Hoàn toàn đồng ý),3 (Bình thường),5 (Hoàn toàn đồng ý),5 (Hoàn toàn đồng ý),4 (Đồng ý),5 (Hoàn toàn đồng ý),3 (Bình thường),5 (Hoàn toàn đồng ý),5 (Hoàn toàn đồng ý),5 (Hoàn toàn đồng ý),tôi chưa trải nghiệm nên không có ý kiến rõ ràng,tôi không có
2026-07-03 18:41:56,Nữ,18–25,Học sinh/Sinh viên,TP. Hồ Chí Minh (quận trung tâm),Lần đầu,Du khách,Chưa từng,1 (Hoàn toàn không đồng ý),1 (Hoàn toàn không đồng ý),1 (Hoàn toàn không đồng ý),1 (Hoàn toàn không đồng ý),1 (Hoàn toàn không đồng ý),1 (Hoàn toàn không đồng ý),1 (Hoàn toàn không đồng ý),1 (Hoàn toàn không đồng ý),1 (Hoàn toàn không đồng ý),1 (Hoàn toàn không đồng ý),1 (Hoàn toàn không đồng ý),1 (Hoàn toàn không đồng ý),1 (Hoàn toàn không đồng ý),1 (Hoàn toàn không đồng ý),1 (Hoàn toàn không đồng ý),1 (Hoàn toàn không đồng ý),1 (Hoàn toàn không đồng ý),1 (Hoàn toàn không đồng ý),1 (Hoàn toàn không đồng ý),1 (Hoàn toàn không đồng ý),1 (Hoàn toàn không đồng ý),1 (Hoàn toàn không đồng ý),1 (Hoàn toàn không đồng ý),1 (Hoàn toàn không đồng ý),1 (Hoàn toàn không đồng ý),1 (Hoàn toàn không đồng ý),1 (Hoàn toàn không đồng ý),1 (Hoàn toàn không đồng ý),2 (Không đồng ý),1 (Hoàn toàn không đồng ý),2 (Không đồng ý),không,không
2026-07-03 18:42:12,Nam,18–25,Kinh doanh/Tự do,TP. Hồ Chí Minh (quận trung tâm),3–5 lần/năm,Du khách,Trong 6 tháng qua,1 (Hoàn toàn không đồng ý),1 (Hoàn toàn không đồng ý),1 (Hoàn toàn không đồng ý),1 (Hoàn toàn không đồng ý),1 (Hoàn toàn không đồng ý),1 (Hoàn toàn không đồng ý),1 (Hoàn toàn không đồng ý),1 (Hoàn toàn không đồng ý),1 (Hoàn toàn không đồng ý),1 (Hoàn toàn không đồng ý),1 (Hoàn toàn không đồng ý),1 (Hoàn toàn không đồng ý),1 (Hoàn toàn không đồng ý),1 (Hoàn toàn không đồng ý),2 (Không đồng ý),2 (Không đồng ý),2 (Không đồng ý),2 (Không đồng ý),2 (Không đồng ý),2 (Không đồng ý),1 (Hoàn toàn không đồng ý),3 (Bình thường),2 (Không đồng ý),2 (Không đồng ý),3 (Bình thường),2 (Không đồng ý),2 (Không đồng ý),2 (Không đồng ý),2 (Không đồng ý),3 (Bình thường),2 (Không đồng ý),Kjd,Không
2026-07-03 18:47:13,Khác,Dưới 18,Nhân viên văn phòng,Huyện Củ Chi,1–2 lần/năm,"Cán bộ quản lý (UBND xã/huyện, Sở Du lịch…)",6–12 tháng qua,3 (Bình thường),3 (Bình thường),3 (Bình thường),3 (Bình thường),2 (Không đồng ý),3 (Bình thường),3 (Bình thường),3 (Bình thường),3 (Bình thường),2 (Không đồng ý),3 (Bình thường),3 (Bình thường),3 (Bình thường),2 (Không đồng ý),3 (Bình thường),3 (Bình thường),3 (Bình thường),3 (Bình thường),3 (Bình thường),2 (Không đồng ý),3 (Bình thường),3 (Bình thường),3 (Bình thường),3 (Bình thường),3 (Bình thường),2 (Không đồng ý),3 (Bình thường),3 (Bình thường),3 (Bình thường),3 (Bình thường),3 (Bình thường),Đ,Jd
2026-07-03 18:48:29,Nữ,18–25,Nhân viên văn phòng,Huyện Củ Chi,3–5 lần/năm,Người dân địa phương,Trong 6 tháng qua,3 (Bình thường),2 (Không đồng ý),3 (Bình thường),2 (Không đồng ý),2 (Không đồng ý),3 (Bình thường),3 (Bình thường),3 (Bình thường),2 (Không đồng ý),2 (Không đồng ý),3 (Bình thường),3 (Bình thường),3 (Bình thường),2 (Không đồng ý),3 (Bình thường),3 (Bình thường),3 (Bình thường),3 (Bình thường),3 (Bình thường),2 (Không đồng ý),3 (Bình thường),3 (Bình thường),2 (Không đồng ý),3 (Bình thường),3 (Bình thường),2 (Không đồng ý),3 (Bình thường),3 (Bình thường),2 (Không đồng ý),3 (Bình thường),3 (Bình thường),D,D
2026-07-03 18:49:30,Khác,Dưới 18,Kinh doanh/Tự do,TP. Hồ Chí Minh (quận trung tâm),3–5 lần/năm,"Hộ kinh doanh du lịch nông nghiệp (vườn trái cây, homestay…)",Hơn 1 năm,3 (Bình thường),3 (Bình thường),2 (Không đồng ý),3 (Bình thường),2 (Không đồng ý),3 (Bình thường),3 (Bình thường),3 (Bình thường),3 (Bình thường),2 (Không đồng ý),3 (Bình thường),2 (Không đồng ý),2 (Không đồng ý),2 (Không đồng ý),3 (Bình thường),3 (Bình thường),2 (Không đồng ý),3 (Bình thường),2 (Không đồng ý),3 (Bình thường),3 (Bình thường),2 (Không đồng ý),3 (Bình thường),3 (Bình thường),2 (Không đồng ý),3 (Bình thường),2 (Không đồng ý),4 (Đồng ý),3 (Bình thường),3 (Bình thường),4 (Đồng ý),Â,A
2026-07-03 18:50:28,Nữ,36–45,Nông dân,Huyện Củ Chi,3–5 lần/năm,"Hộ kinh doanh du lịch nông nghiệp (vườn trái cây, homestay…)",Trong 6 tháng qua,3 (Bình thường),3 (Bình thường),2 (Không đồng ý),3 (Bình thường),3 (Bình thường),2 (Không đồng ý),2 (Không đồng ý),3 (Bình thường),4 (Đồng ý),4 (Đồng ý),3 (Bình thường),3 (Bình thường),3 (Bình thường),3 (Bình thường),4 (Đồng ý),3 (Bình thường),4 (Đồng ý),4 (Đồng ý),2 (Không đồng ý),4 (Đồng ý),4 (Đồng ý),4 (Đồng ý),4 (Đồng ý),4 (Đồng ý),4 (Đồng ý),4 (Đồng ý),2 (Không đồng ý),4 (Đồng ý),3 (Bình thường),4 (Đồng ý),4 (Đồng ý),A,A
2026-07-03 19:07:14,Nam,18–25,Học sinh/Sinh viên,TP. Hồ Chí Minh (quận trung tâm),Lần đầu,Du khách,Chưa từng,2 (Không đồng ý),4 (Đồng ý),3 (Bình thường),4 (Đồng ý),4 (Đồng ý),4 (Đồng ý),4 (Đồng ý),3 (Bình thường),4 (Đồng ý),4 (Đồng ý),3 (Bình thường),3 (Bình thường),3 (Bình thường),3 (Bình thường),4 (Đồng ý),3 (Bình thường),2 (Không đồng ý),3 (Bình thường),2 (Không đồng ý),4 (Đồng ý),4 (Đồng ý),4 (Đồng ý),4 (Đồng ý),2 (Không đồng ý),3 (Bình thường),4 (Đồng ý),3 (Bình thường),2 (Không đồng ý),3 (Bình thường),4 (Đồng ý),5 (Hoàn toàn đồng ý),Kh biết,Không
2026-07-03 19:25:38,Nam,18–25,Học sinh/Sinh viên,TP. Hồ Chí Minh (quận trung tâm),Lần đầu,Du khách,Chưa từng,3 (Bình thường),2 (Không đồng ý),4 (Đồng ý),2 (Không đồng ý),5 (Hoàn toàn đồng ý),5 (Hoàn toàn đồng ý),3 (Bình thường),3 (Bình thường),3 (Bình thường),4 (Đồng ý),5 (Hoàn toàn đồng ý),5 (Hoàn toàn đồng ý),3 (Bình thường),3 (Bình thường),3 (Bình thường),3 (Bình thường),4 (Đồng ý),5 (Hoàn toàn đồng ý),4 (Đồng ý),4 (Đồng ý),3 (Bình thường),5 (Hoàn toàn đồng ý),4 (Đồng ý),3 (Bình thường),5 (Hoàn toàn đồng ý),5 (Hoàn toàn đồng ý),5 (Hoàn toàn đồng ý),5 (Hoàn toàn đồng ý),5 (Hoàn toàn đồng ý),5 (Hoàn toàn đồng ý),5 (Hoàn toàn đồng ý),chắc là du lịch xanh ,tạm thời chưa có ý kiến 
2026-07-03 19:25:56,Nữ,26–35,Nhân viên văn phòng,TP. Hồ Chí Minh (quận trung tâm),Lần đầu,Du khách,Chưa từng,4 (Đồng ý),3 (Bình thường),3 (Bình thường),4 (Đồng ý),4 (Đồng ý),4 (Đồng ý),4 (Đồng ý),3 (Bình thường),3 (Bình thường),3 (Bình thường),4 (Đồng ý),4 (Đồng ý),4 (Đồng ý),3 (Bình thường),3 (Bình thường),3 (Bình thường),4 (Đồng ý),4 (Đồng ý),4 (Đồng ý),4 (Đồng ý),4 (Đồng ý),4 (Đồng ý),4 (Đồng ý),4 (Đồng ý),5 (Hoàn toàn đồng ý),5 (Hoàn toàn đồng ý),2 (Không đồng ý),3 (Bình thường),4 (Đồng ý),5 (Hoàn toàn đồng ý),3 (Bình thường),Gần thành phố để người dân có thể đi du lịch trong những dịp ngắn hạn,Không
2026-07-03 19:30:09,Nam,18–25,Học sinh/Sinh viên,TP. Hồ Chí Minh (quận trung tâm),Lần đầu,Du khách,Hơn 1 năm,4 (Đồng ý),3 (Bình thường),4 (Đồng ý),4 (Đồng ý),4 (Đồng ý),4 (Đồng ý),3 (Bình thường),3 (Bình thường),4 (Đồng ý),4 (Đồng ý),5 (Hoàn toàn đồng ý),5 (Hoàn toàn đồng ý),1 (Hoàn toàn không đồng ý),2 (Không đồng ý),3 (Bình thường),4 (Đồng ý),4 (Đồng ý),4 (Đồng ý),3 (Bình thường),4 (Đồng ý),4 (Đồng ý),4 (Đồng ý),4 (Đồng ý),4 (Đồng ý),4 (Đồng ý),4 (Đồng ý),3 (Bình thường),3 (Bình thường),4 (Đồng ý),4 (Đồng ý),4 (Đồng ý),"Lịch sử, con người và văn hóa",phát triển những giá trị cốt lõi
2026-07-03 19:32:03,Nam,26–35,Nhân viên văn phòng,TP. Hồ Chí Minh (quận trung tâm),Lần đầu,Du khách,Trong 6 tháng qua,4 (Đồng ý),4 (Đồng ý),4 (Đồng ý),4 (Đồng ý),4 (Đồng ý),4 (Đồng ý),4 (Đồng ý),4 (Đồng ý),4 (Đồng ý),4 (Đồng ý),4 (Đồng ý),4 (Đồng ý),4 (Đồng ý),4 (Đồng ý),4 (Đồng ý),4 (Đồng ý),4 (Đồng ý),4 (Đồng ý),4 (Đồng ý),4 (Đồng ý),4 (Đồng ý),4 (Đồng ý),4 (Đồng ý),4 (Đồng ý),4 (Đồng ý),4 (Đồng ý),4 (Đồng ý),4 (Đồng ý),4 (Đồng ý),4 (Đồng ý),4 (Đồng ý),Kh,Kh
2026-07-03 19:33:30,Nữ,26–35,Nông dân,Huyện Củ Chi,1–2 lần/năm,Người dân địa phương,Hơn 1 năm,4 (Đồng ý),4 (Đồng ý),4 (Đồng ý),4 (Đồng ý),4 (Đồng ý),4 (Đồng ý),4 (Đồng ý),4 (Đồng ý),4 (Đồng ý),4 (Đồng ý),4 (Đồng ý),4 (Đồng ý),4 (Đồng ý),4 (Đồng ý),4 (Đồng ý),4 (Đồng ý),4 (Đồng ý),4 (Đồng ý),4 (Đồng ý),4 (Đồng ý),4 (Đồng ý),4 (Đồng ý),4 (Đồng ý),4 (Đồng ý),4 (Đồng ý),4 (Đồng ý),4 (Đồng ý),4 (Đồng ý),4 (Đồng ý),4 (Đồng ý),4 (Đồng ý),Khb,Kb
2026-07-03 19:35:01,Nam,Dưới 18,Học sinh/Sinh viên,Tỉnh/thành khác,Lần đầu,Du khách,Chưa từng,3 (Bình thường),3 (Bình thường),3 (Bình thường),3 (Bình thường),3 (Bình thường),3 (Bình thường),3 (Bình thường),3 (Bình thường),3 (Bình thường),3 (Bình thường),3 (Bình thường),3 (Bình thường),3 (Bình thường),3 (Bình thường),3 (Bình thường),3 (Bình thường),3 (Bình thường),3 (Bình thường),3 (Bình thường),3 (Bình thường),3 (Bình thường),3 (Bình thường),3 (Bình thường),3 (Bình thường),3 (Bình thường),4 (Đồng ý),4 (Đồng ý),4 (Đồng ý),4 (Đồng ý),4 (Đồng ý),4 (Đồng ý),Kh,Co
2026-07-03 19:36:22,Nam,18–25,Học sinh/Sinh viên,Tỉnh/thành khác,3–5 lần/năm,Du khách,Trong 6 tháng qua,4 (Đồng ý),4 (Đồng ý),4 (Đồng ý),4 (Đồng ý),4 (Đồng ý),4 (Đồng ý),4 (Đồng ý),4 (Đồng ý),4 (Đồng ý),4 (Đồng ý),4 (Đồng ý),4 (Đồng ý),4 (Đồng ý),4 (Đồng ý),4 (Đồng ý),4 (Đồng ý),4 (Đồng ý),4 (Đồng ý),4 (Đồng ý),4 (Đồng ý),4 (Đồng ý),4 (Đồng ý),4 (Đồng ý),4 (Đồng ý),4 (Đồng ý),2 (Không đồng ý),3 (Bình thường),3 (Bình thường),4 (Đồng ý),2 (Không đồng ý),3 (Bình thường),Kh,Kh
2026-07-03 19:37:31,Nam,26–35,Hướng dẫn viên du lịch,Huyện Củ Chi,3–5 lần/năm,Người dân địa phương,Hơn 1 năm,4 (Đồng ý),4 (Đồng ý),4 (Đồng ý),4 (Đồng ý),4 (Đồng ý),4 (Đồng ý),4 (Đồng ý),4 (Đồng ý),4 (Đồng ý),4 (Đồng ý),4 (Đồng ý),4 (Đồng ý),4 (Đồng ý),4 (Đồng ý),4 (Đồng ý),4 (Đồng ý),4 (Đồng ý),4 (Đồng ý),4 (Đồng ý),4 (Đồng ý),4 (Đồng ý),4 (Đồng ý),4 (Đồng ý),4 (Đồng ý),4 (Đồng ý),4 (Đồng ý),4 (Đồng ý),4 (Đồng ý),4 (Đồng ý),4 (Đồng ý),4 (Đồng ý),Kh,Kh
